"LOCATION","INDICATOR","SUBJECT","MEASURE","FREQUENCY","Month","Value","Flag Codes"
"TUR","CPI","TOT","AGRWTH","M","1956-01",17.69912,
"TUR","CPI","TOT","AGRWTH","M","1956-02",22.12389,
"TUR","CPI","TOT","AGRWTH","M","1956-03",22.32143,
"TUR","CPI","TOT","AGRWTH","M","1956-04",23.21428,
"TUR","CPI","TOT","AGRWTH","M","1956-05",22.12389,
"TUR","CPI","TOT","AGRWTH","M","1956-06",17.94872,
"TUR","CPI","TOT","AGRWTH","M","1956-07",15,
"TUR","CPI","TOT","AGRWTH","M","1956-08",8.196721,
"TUR","CPI","TOT","AGRWTH","M","1956-09",8.196721,
"TUR","CPI","TOT","AGRWTH","M","1956-10",7.258065,
"TUR","CPI","TOT","AGRWTH","M","1956-11",7.03125,
"TUR","CPI","TOT","AGRWTH","M","1956-12",6.923077,
"TUR","CPI","TOT","AGRWTH","M","1957-01",5.263158,
"TUR","CPI","TOT","AGRWTH","M","1957-02",3.623188,
"TUR","CPI","TOT","AGRWTH","M","1957-03",5.109489,
"TUR","CPI","TOT","AGRWTH","M","1957-04",6.521739,
"TUR","CPI","TOT","AGRWTH","M","1957-05",7.971014,
"TUR","CPI","TOT","AGRWTH","M","1957-06",10.14493,
"TUR","CPI","TOT","AGRWTH","M","1957-07",12.31884,
"TUR","CPI","TOT","AGRWTH","M","1957-08",18.93939,
"TUR","CPI","TOT","AGRWTH","M","1957-09",20.45455,
"TUR","CPI","TOT","AGRWTH","M","1957-10",20.30075,
"TUR","CPI","TOT","AGRWTH","M","1957-11",16.05839,
"TUR","CPI","TOT","AGRWTH","M","1957-12",13.66906,
"TUR","CPI","TOT","AGRWTH","M","1958-01",12.14286,
"TUR","CPI","TOT","AGRWTH","M","1958-02",11.88811,
"TUR","CPI","TOT","AGRWTH","M","1958-03",11.11111,
"TUR","CPI","TOT","AGRWTH","M","1958-04",8.843537,
"TUR","CPI","TOT","AGRWTH","M","1958-05",8.053691,
"TUR","CPI","TOT","AGRWTH","M","1958-06",8.552631,
"TUR","CPI","TOT","AGRWTH","M","1958-07",8.387096,
"TUR","CPI","TOT","AGRWTH","M","1958-08",10.19108,
"TUR","CPI","TOT","AGRWTH","M","1958-09",12.57862,
"TUR","CPI","TOT","AGRWTH","M","1958-10",12.5,
"TUR","CPI","TOT","AGRWTH","M","1958-11",18.23899,
"TUR","CPI","TOT","AGRWTH","M","1958-12",25.31646,
"TUR","CPI","TOT","AGRWTH","M","1959-01",26.75159,
"TUR","CPI","TOT","AGRWTH","M","1959-02",28.125,
"TUR","CPI","TOT","AGRWTH","M","1959-03",29.375,
"TUR","CPI","TOT","AGRWTH","M","1959-04",29.375,
"TUR","CPI","TOT","AGRWTH","M","1959-05",28.57143,
"TUR","CPI","TOT","AGRWTH","M","1959-06",30.30303,
"TUR","CPI","TOT","AGRWTH","M","1959-07",32.14286,
"TUR","CPI","TOT","AGRWTH","M","1959-08",28.3237,
"TUR","CPI","TOT","AGRWTH","M","1959-09",23.46369,
"TUR","CPI","TOT","AGRWTH","M","1959-10",26.11111,
"TUR","CPI","TOT","AGRWTH","M","1959-11",22.87234,
"TUR","CPI","TOT","AGRWTH","M","1959-12",17.17172,
"TUR","CPI","TOT","AGRWTH","M","1960-01",16.58291,
"TUR","CPI","TOT","AGRWTH","M","1960-02",13.65854,
"TUR","CPI","TOT","AGRWTH","M","1960-03",12.07729,
"TUR","CPI","TOT","AGRWTH","M","1960-04",12.07729,
"TUR","CPI","TOT","AGRWTH","M","1960-05",11.5942,
"TUR","CPI","TOT","AGRWTH","M","1960-06",6.511628,
"TUR","CPI","TOT","AGRWTH","M","1960-07",2.252252,
"TUR","CPI","TOT","AGRWTH","M","1960-08",1.801802,
"TUR","CPI","TOT","AGRWTH","M","1960-09",1.809955,
"TUR","CPI","TOT","AGRWTH","M","1960-10",-0.8810573,
"TUR","CPI","TOT","AGRWTH","M","1960-11",-3.030303,
"TUR","CPI","TOT","AGRWTH","M","1960-12",-2.586207,
"TUR","CPI","TOT","AGRWTH","M","1961-01",-1.724138,
"TUR","CPI","TOT","AGRWTH","M","1961-02",-0.8583691,
"TUR","CPI","TOT","AGRWTH","M","1961-03",2.155172,
"TUR","CPI","TOT","AGRWTH","M","1961-04",0.4310345,
"TUR","CPI","TOT","AGRWTH","M","1961-05",2.597403,
"TUR","CPI","TOT","AGRWTH","M","1961-06",3.056769,
"TUR","CPI","TOT","AGRWTH","M","1961-07",4.845815,
"TUR","CPI","TOT","AGRWTH","M","1961-08",3.982301,
"TUR","CPI","TOT","AGRWTH","M","1961-09",4.444445,
"TUR","CPI","TOT","AGRWTH","M","1961-10",7.111111,
"TUR","CPI","TOT","AGRWTH","M","1961-11",6.25,
"TUR","CPI","TOT","AGRWTH","M","1961-12",6.19469,
"TUR","CPI","TOT","AGRWTH","M","1962-01",5.263158,
"TUR","CPI","TOT","AGRWTH","M","1962-02",6.493506,
"TUR","CPI","TOT","AGRWTH","M","1962-03",4.219409,
"TUR","CPI","TOT","AGRWTH","M","1962-04",4.291845,
"TUR","CPI","TOT","AGRWTH","M","1962-05",2.531646,
"TUR","CPI","TOT","AGRWTH","M","1962-06",3.389831,
"TUR","CPI","TOT","AGRWTH","M","1962-07",2.10084,
"TUR","CPI","TOT","AGRWTH","M","1962-08",3.404255,
"TUR","CPI","TOT","AGRWTH","M","1962-09",3.404255,
"TUR","CPI","TOT","AGRWTH","M","1962-10",2.074689,
"TUR","CPI","TOT","AGRWTH","M","1962-11",4.621849,
"TUR","CPI","TOT","AGRWTH","M","1962-12",5,
"TUR","CPI","TOT","AGRWTH","M","1963-01",6.25,
"TUR","CPI","TOT","AGRWTH","M","1963-02",5.691057,
"TUR","CPI","TOT","AGRWTH","M","1963-03",6.072875,
"TUR","CPI","TOT","AGRWTH","M","1963-04",6.995885,
"TUR","CPI","TOT","AGRWTH","M","1963-05",7.407407,
"TUR","CPI","TOT","AGRWTH","M","1963-06",7.377049,
"TUR","CPI","TOT","AGRWTH","M","1963-07",6.995885,
"TUR","CPI","TOT","AGRWTH","M","1963-08",6.17284,
"TUR","CPI","TOT","AGRWTH","M","1963-09",6.584362,
"TUR","CPI","TOT","AGRWTH","M","1963-10",6.910569,
"TUR","CPI","TOT","AGRWTH","M","1963-11",5.62249,
"TUR","CPI","TOT","AGRWTH","M","1963-12",4.365079,
"TUR","CPI","TOT","AGRWTH","M","1964-01",4.313725,
"TUR","CPI","TOT","AGRWTH","M","1964-02",1.923077,
"TUR","CPI","TOT","AGRWTH","M","1964-03",0,
"TUR","CPI","TOT","AGRWTH","M","1964-04",0,
"TUR","CPI","TOT","AGRWTH","M","1964-05",1.149425,
"TUR","CPI","TOT","AGRWTH","M","1964-06",0.7633588,
"TUR","CPI","TOT","AGRWTH","M","1964-07",0,
"TUR","CPI","TOT","AGRWTH","M","1964-08",1.162791,
"TUR","CPI","TOT","AGRWTH","M","1964-09",1.158301,
"TUR","CPI","TOT","AGRWTH","M","1964-10",0.3802281,
"TUR","CPI","TOT","AGRWTH","M","1964-11",1.140684,
"TUR","CPI","TOT","AGRWTH","M","1964-12",1.520913,
"TUR","CPI","TOT","AGRWTH","M","1965-01",1.12782,
"TUR","CPI","TOT","AGRWTH","M","1965-02",3.018868,
"TUR","CPI","TOT","AGRWTH","M","1965-03",3.053435,
"TUR","CPI","TOT","AGRWTH","M","1965-04",4.230769,
"TUR","CPI","TOT","AGRWTH","M","1965-05",3.409091,
"TUR","CPI","TOT","AGRWTH","M","1965-06",4.166667,
"TUR","CPI","TOT","AGRWTH","M","1965-07",5.769231,
"TUR","CPI","TOT","AGRWTH","M","1965-08",7.279694,
"TUR","CPI","TOT","AGRWTH","M","1965-09",6.48855,
"TUR","CPI","TOT","AGRWTH","M","1965-10",5.681818,
"TUR","CPI","TOT","AGRWTH","M","1965-11",4.887218,
"TUR","CPI","TOT","AGRWTH","M","1965-12",5.617978,
"TUR","CPI","TOT","AGRWTH","M","1966-01",8.178438,
"TUR","CPI","TOT","AGRWTH","M","1966-02",8.424909,
"TUR","CPI","TOT","AGRWTH","M","1966-03",12.59259,
"TUR","CPI","TOT","AGRWTH","M","1966-04",12.91513,
"TUR","CPI","TOT","AGRWTH","M","1966-05",10.62271,
"TUR","CPI","TOT","AGRWTH","M","1966-06",5.818182,
"TUR","CPI","TOT","AGRWTH","M","1966-07",6.181818,
"TUR","CPI","TOT","AGRWTH","M","1966-08",5,
"TUR","CPI","TOT","AGRWTH","M","1966-09",6.09319,
"TUR","CPI","TOT","AGRWTH","M","1966-10",6.451613,
"TUR","CPI","TOT","AGRWTH","M","1966-11",8.602151,
"TUR","CPI","TOT","AGRWTH","M","1966-12",10.99291,
"TUR","CPI","TOT","AGRWTH","M","1967-01",12.02749,
"TUR","CPI","TOT","AGRWTH","M","1967-02",12.16216,
"TUR","CPI","TOT","AGRWTH","M","1967-03",10.19737,
"TUR","CPI","TOT","AGRWTH","M","1967-04",9.803922,
"TUR","CPI","TOT","AGRWTH","M","1967-05",13.24503,
"TUR","CPI","TOT","AGRWTH","M","1967-06",17.86942,
"TUR","CPI","TOT","AGRWTH","M","1967-07",17.46575,
"TUR","CPI","TOT","AGRWTH","M","1967-08",15.64626,
"TUR","CPI","TOT","AGRWTH","M","1967-09",15.2027,
"TUR","CPI","TOT","AGRWTH","M","1967-10",16.16162,
"TUR","CPI","TOT","AGRWTH","M","1967-11",15.84158,
"TUR","CPI","TOT","AGRWTH","M","1967-12",12.46006,
"TUR","CPI","TOT","AGRWTH","M","1968-01",8.895705,
"TUR","CPI","TOT","AGRWTH","M","1968-02",7.165152,
"TUR","CPI","TOT","AGRWTH","M","1968-03",5.577958,
"TUR","CPI","TOT","AGRWTH","M","1968-04",5.654762,
"TUR","CPI","TOT","AGRWTH","M","1968-05",4.108501,
"TUR","CPI","TOT","AGRWTH","M","1968-06",4.571066,
"TUR","CPI","TOT","AGRWTH","M","1968-07",5.413763,
"TUR","CPI","TOT","AGRWTH","M","1968-08",6.962163,
"TUR","CPI","TOT","AGRWTH","M","1968-09",6.648491,
"TUR","CPI","TOT","AGRWTH","M","1968-10",6.859117,
"TUR","CPI","TOT","AGRWTH","M","1968-11",5.331916,
"TUR","CPI","TOT","AGRWTH","M","1968-12",5.555228,
"TUR","CPI","TOT","AGRWTH","M","1969-01",4.95929,
"TUR","CPI","TOT","AGRWTH","M","1969-02",5.022157,
"TUR","CPI","TOT","AGRWTH","M","1969-03",5.646359,
"TUR","CPI","TOT","AGRWTH","M","1969-04",5.551444,
"TUR","CPI","TOT","AGRWTH","M","1969-05",6.051661,
"TUR","CPI","TOT","AGRWTH","M","1969-06",5.274725,
"TUR","CPI","TOT","AGRWTH","M","1969-07",4.142442,
"TUR","CPI","TOT","AGRWTH","M","1969-08",4.118497,
"TUR","CPI","TOT","AGRWTH","M","1969-09",3.82948,
"TUR","CPI","TOT","AGRWTH","M","1969-10",4.062723,
"TUR","CPI","TOT","AGRWTH","M","1969-11",4.548685,
"TUR","CPI","TOT","AGRWTH","M","1969-12",5.940594,
"TUR","CPI","TOT","AGRWTH","M","1970-01",6.488011,
"TUR","CPI","TOT","AGRWTH","M","1970-02",6.751055,
"TUR","CPI","TOT","AGRWTH","M","1970-03",6.891702,
"TUR","CPI","TOT","AGRWTH","M","1970-04",6.802244,
"TUR","CPI","TOT","AGRWTH","M","1970-05",6.610995,
"TUR","CPI","TOT","AGRWTH","M","1970-06",7.724426,
"TUR","CPI","TOT","AGRWTH","M","1970-07",7.60642,
"TUR","CPI","TOT","AGRWTH","M","1970-08",7.841776,
"TUR","CPI","TOT","AGRWTH","M","1970-09",9.185803,
"TUR","CPI","TOT","AGRWTH","M","1970-10",9.520548,
"TUR","CPI","TOT","AGRWTH","M","1970-11",10.19714,
"TUR","CPI","TOT","AGRWTH","M","1970-12",9.279038,
"TUR","CPI","TOT","AGRWTH","M","1971-01",9.602649,
"TUR","CPI","TOT","AGRWTH","M","1971-02",11.66008,
"TUR","CPI","TOT","AGRWTH","M","1971-03",12.56579,
"TUR","CPI","TOT","AGRWTH","M","1971-04",14.83913,
"TUR","CPI","TOT","AGRWTH","M","1971-05",15.20888,
"TUR","CPI","TOT","AGRWTH","M","1971-06",16.02067,
"TUR","CPI","TOT","AGRWTH","M","1971-07",22.89235,
"TUR","CPI","TOT","AGRWTH","M","1971-08",25.09653,
"TUR","CPI","TOT","AGRWTH","M","1971-09",25.36648,
"TUR","CPI","TOT","AGRWTH","M","1971-10",25.26579,
"TUR","CPI","TOT","AGRWTH","M","1971-11",24.79951,
"TUR","CPI","TOT","AGRWTH","M","1971-12",23.39646,
"TUR","CPI","TOT","AGRWTH","M","1972-01",21.93353,
"TUR","CPI","TOT","AGRWTH","M","1972-02",20.64897,
"TUR","CPI","TOT","AGRWTH","M","1972-03",19.63764,
"TUR","CPI","TOT","AGRWTH","M","1972-04",17.38136,
"TUR","CPI","TOT","AGRWTH","M","1972-05",17.84702,
"TUR","CPI","TOT","AGRWTH","M","1972-06",19.59911,
"TUR","CPI","TOT","AGRWTH","M","1972-07",14.77573,
"TUR","CPI","TOT","AGRWTH","M","1972-08",12.13992,
"TUR","CPI","TOT","AGRWTH","M","1972-09",11.99797,
"TUR","CPI","TOT","AGRWTH","M","1972-10",10.98352,
"TUR","CPI","TOT","AGRWTH","M","1972-11",10.47949,
"TUR","CPI","TOT","AGRWTH","M","1972-12",10.9901,
"TUR","CPI","TOT","AGRWTH","M","1973-01",12.23984,
"TUR","CPI","TOT","AGRWTH","M","1973-02",11.29584,
"TUR","CPI","TOT","AGRWTH","M","1973-03",11.38251,
"TUR","CPI","TOT","AGRWTH","M","1973-04",12.1773,
"TUR","CPI","TOT","AGRWTH","M","1973-05",12.59615,
"TUR","CPI","TOT","AGRWTH","M","1973-06",12.05773,
"TUR","CPI","TOT","AGRWTH","M","1973-07",10.98851,
"TUR","CPI","TOT","AGRWTH","M","1973-08",11.97248,
"TUR","CPI","TOT","AGRWTH","M","1973-09",15.84203,
"TUR","CPI","TOT","AGRWTH","M","1973-10",17.63383,
"TUR","CPI","TOT","AGRWTH","M","1973-11",18.29978,
"TUR","CPI","TOT","AGRWTH","M","1973-12",19.75914,
"TUR","CPI","TOT","AGRWTH","M","1974-01",19.69095,
"TUR","CPI","TOT","AGRWTH","M","1974-02",19.0246,
"TUR","CPI","TOT","AGRWTH","M","1974-03",25.4386,
"TUR","CPI","TOT","AGRWTH","M","1974-04",26.0964,
"TUR","CPI","TOT","AGRWTH","M","1974-05",26.08881,
"TUR","CPI","TOT","AGRWTH","M","1974-06",24.71957,
"TUR","CPI","TOT","AGRWTH","M","1974-07",25.89064,
"TUR","CPI","TOT","AGRWTH","M","1974-08",25.52233,
"TUR","CPI","TOT","AGRWTH","M","1974-09",23.07994,
"TUR","CPI","TOT","AGRWTH","M","1974-10",22.56214,
"TUR","CPI","TOT","AGRWTH","M","1974-11",23.82753,
"TUR","CPI","TOT","AGRWTH","M","1974-12",24.61825,
"TUR","CPI","TOT","AGRWTH","M","1975-01",24.52969,
"TUR","CPI","TOT","AGRWTH","M","1975-02",30.19564,
"TUR","CPI","TOT","AGRWTH","M","1975-03",25.87413,
"TUR","CPI","TOT","AGRWTH","M","1975-04",24.44904,
"TUR","CPI","TOT","AGRWTH","M","1975-05",23.29834,
"TUR","CPI","TOT","AGRWTH","M","1975-06",21.08594,
"TUR","CPI","TOT","AGRWTH","M","1975-07",19.74334,
"TUR","CPI","TOT","AGRWTH","M","1975-08",19.15796,
"TUR","CPI","TOT","AGRWTH","M","1975-09",17.73321,
"TUR","CPI","TOT","AGRWTH","M","1975-10",18.12793,
"TUR","CPI","TOT","AGRWTH","M","1975-11",17.19609,
"TUR","CPI","TOT","AGRWTH","M","1975-12",16.25822,
"TUR","CPI","TOT","AGRWTH","M","1976-01",19.34242,
"TUR","CPI","TOT","AGRWTH","M","1976-02",16.75645,
"TUR","CPI","TOT","AGRWTH","M","1976-03",15.61111,
"TUR","CPI","TOT","AGRWTH","M","1976-04",15.35695,
"TUR","CPI","TOT","AGRWTH","M","1976-05",14.99588,
"TUR","CPI","TOT","AGRWTH","M","1976-06",16.69876,
"TUR","CPI","TOT","AGRWTH","M","1976-07",17.47733,
"TUR","CPI","TOT","AGRWTH","M","1976-08",18.73459,
"TUR","CPI","TOT","AGRWTH","M","1976-09",19.33478,
"TUR","CPI","TOT","AGRWTH","M","1976-10",18.33069,
"TUR","CPI","TOT","AGRWTH","M","1976-11",17.38337,
"TUR","CPI","TOT","AGRWTH","M","1976-12",19.33162,
"TUR","CPI","TOT","AGRWTH","M","1977-01",15.98412,
"TUR","CPI","TOT","AGRWTH","M","1977-02",15.25012,
"TUR","CPI","TOT","AGRWTH","M","1977-03",16.89092,
"TUR","CPI","TOT","AGRWTH","M","1977-04",18.10986,
"TUR","CPI","TOT","AGRWTH","M","1977-05",19.48889,
"TUR","CPI","TOT","AGRWTH","M","1977-06",18.71759,
"TUR","CPI","TOT","AGRWTH","M","1977-07",22.05848,
"TUR","CPI","TOT","AGRWTH","M","1977-08",22.69896,
"TUR","CPI","TOT","AGRWTH","M","1977-09",29.34512,
"TUR","CPI","TOT","AGRWTH","M","1977-10",36.60714,
"TUR","CPI","TOT","AGRWTH","M","1977-11",44.93783,
"TUR","CPI","TOT","AGRWTH","M","1977-12",46.76863,
"TUR","CPI","TOT","AGRWTH","M","1978-01",51.61567,
"TUR","CPI","TOT","AGRWTH","M","1978-02",57.22714,
"TUR","CPI","TOT","AGRWTH","M","1978-03",56.23844,
"TUR","CPI","TOT","AGRWTH","M","1978-04",58.97644,
"TUR","CPI","TOT","AGRWTH","M","1978-05",64.56126,
"TUR","CPI","TOT","AGRWTH","M","1978-06",70.1946,
"TUR","CPI","TOT","AGRWTH","M","1978-07",70.48678,
"TUR","CPI","TOT","AGRWTH","M","1978-08",71.66761,
"TUR","CPI","TOT","AGRWTH","M","1978-09",67.15137,
"TUR","CPI","TOT","AGRWTH","M","1978-10",63.43137,
"TUR","CPI","TOT","AGRWTH","M","1978-11",58.04228,
"TUR","CPI","TOT","AGRWTH","M","1978-12",53.97035,
"TUR","CPI","TOT","AGRWTH","M","1979-01",51.51729,
"TUR","CPI","TOT","AGRWTH","M","1979-02",47.07853,
"TUR","CPI","TOT","AGRWTH","M","1979-03",47.99369,
"TUR","CPI","TOT","AGRWTH","M","1979-04",51.02197,
"TUR","CPI","TOT","AGRWTH","M","1979-05",49.92105,
"TUR","CPI","TOT","AGRWTH","M","1979-06",59.59631,
"TUR","CPI","TOT","AGRWTH","M","1979-07",67.08633,
"TUR","CPI","TOT","AGRWTH","M","1979-08",69.58712,
"TUR","CPI","TOT","AGRWTH","M","1979-09",69.83545,
"TUR","CPI","TOT","AGRWTH","M","1979-10",73.20536,
"TUR","CPI","TOT","AGRWTH","M","1979-11",76.62111,
"TUR","CPI","TOT","AGRWTH","M","1979-12",81.83984,
"TUR","CPI","TOT","AGRWTH","M","1980-01",96.19003,
"TUR","CPI","TOT","AGRWTH","M","1980-02",117.4032,
"TUR","CPI","TOT","AGRWTH","M","1980-03",120.1085,
"TUR","CPI","TOT","AGRWTH","M","1980-04",117.4421,
"TUR","CPI","TOT","AGRWTH","M","1980-05",114.5427,
"TUR","CPI","TOT","AGRWTH","M","1980-06",101.3524,
"TUR","CPI","TOT","AGRWTH","M","1980-07",89.24246,
"TUR","CPI","TOT","AGRWTH","M","1980-08",88.17565,
"TUR","CPI","TOT","AGRWTH","M","1980-09",86.68847,
"TUR","CPI","TOT","AGRWTH","M","1980-10",82.67721,
"TUR","CPI","TOT","AGRWTH","M","1980-11",76.22654,
"TUR","CPI","TOT","AGRWTH","M","1980-12",75.07208,
"TUR","CPI","TOT","AGRWTH","M","1981-01",64.21348,
"TUR","CPI","TOT","AGRWTH","M","1981-02",47.02431,
"TUR","CPI","TOT","AGRWTH","M","1981-03",42.63732,
"TUR","CPI","TOT","AGRWTH","M","1981-04",38.15841,
"TUR","CPI","TOT","AGRWTH","M","1981-05",37.81202,
"TUR","CPI","TOT","AGRWTH","M","1981-06",37.7192,
"TUR","CPI","TOT","AGRWTH","M","1981-07",36.69878,
"TUR","CPI","TOT","AGRWTH","M","1981-08",33.05536,
"TUR","CPI","TOT","AGRWTH","M","1981-09",34.27655,
"TUR","CPI","TOT","AGRWTH","M","1981-10",31.38054,
"TUR","CPI","TOT","AGRWTH","M","1981-11",32.22471,
"TUR","CPI","TOT","AGRWTH","M","1981-12",28.5971,
"TUR","CPI","TOT","AGRWTH","M","1982-01",30.15758,
"TUR","CPI","TOT","AGRWTH","M","1982-02",31.24284,
"TUR","CPI","TOT","AGRWTH","M","1982-03",33.33265,
"TUR","CPI","TOT","AGRWTH","M","1982-04",33.84559,
"TUR","CPI","TOT","AGRWTH","M","1982-05",30.65152,
"TUR","CPI","TOT","AGRWTH","M","1982-06",27.82847,
"TUR","CPI","TOT","AGRWTH","M","1982-07",27.38557,
"TUR","CPI","TOT","AGRWTH","M","1982-08",28.0481,
"TUR","CPI","TOT","AGRWTH","M","1982-09",26.01929,
"TUR","CPI","TOT","AGRWTH","M","1982-10",26.45097,
"TUR","CPI","TOT","AGRWTH","M","1982-11",26.69267,
"TUR","CPI","TOT","AGRWTH","M","1982-12",29.64224,
"TUR","CPI","TOT","AGRWTH","M","1983-01",28.87758,
"TUR","CPI","TOT","AGRWTH","M","1983-02",29.17758,
"TUR","CPI","TOT","AGRWTH","M","1983-03",28.86044,
"TUR","CPI","TOT","AGRWTH","M","1983-04",29.52816,
"TUR","CPI","TOT","AGRWTH","M","1983-05",29.99494,
"TUR","CPI","TOT","AGRWTH","M","1983-06",29.52002,
"TUR","CPI","TOT","AGRWTH","M","1983-07",29.5421,
"TUR","CPI","TOT","AGRWTH","M","1983-08",30.79913,
"TUR","CPI","TOT","AGRWTH","M","1983-09",30.95406,
"TUR","CPI","TOT","AGRWTH","M","1983-10",34.26606,
"TUR","CPI","TOT","AGRWTH","M","1983-11",36.1354,
"TUR","CPI","TOT","AGRWTH","M","1983-12",37.0587,
"TUR","CPI","TOT","AGRWTH","M","1984-01",36.06319,
"TUR","CPI","TOT","AGRWTH","M","1984-02",34.75264,
"TUR","CPI","TOT","AGRWTH","M","1984-03",36.16852,
"TUR","CPI","TOT","AGRWTH","M","1984-04",42.55777,
"TUR","CPI","TOT","AGRWTH","M","1984-05",48.48249,
"TUR","CPI","TOT","AGRWTH","M","1984-06",56.04839,
"TUR","CPI","TOT","AGRWTH","M","1984-07",55.87229,
"TUR","CPI","TOT","AGRWTH","M","1984-08",56.10028,
"TUR","CPI","TOT","AGRWTH","M","1984-09",54.34431,
"TUR","CPI","TOT","AGRWTH","M","1984-10",52.95525,
"TUR","CPI","TOT","AGRWTH","M","1984-11",53.12037,
"TUR","CPI","TOT","AGRWTH","M","1984-12",49.68394,
"TUR","CPI","TOT","AGRWTH","M","1985-01",52.76505,
"TUR","CPI","TOT","AGRWTH","M","1985-02",55.43184,
"TUR","CPI","TOT","AGRWTH","M","1985-03",57.96848,
"TUR","CPI","TOT","AGRWTH","M","1985-04",49.93818,
"TUR","CPI","TOT","AGRWTH","M","1985-05",46.43606,
"TUR","CPI","TOT","AGRWTH","M","1985-06",36.47102,
"TUR","CPI","TOT","AGRWTH","M","1985-07",37.14948,
"TUR","CPI","TOT","AGRWTH","M","1985-08",37.28289,
"TUR","CPI","TOT","AGRWTH","M","1985-09",40.88578,
"TUR","CPI","TOT","AGRWTH","M","1985-10",43.45544,
"TUR","CPI","TOT","AGRWTH","M","1985-11",44.54242,
"TUR","CPI","TOT","AGRWTH","M","1985-12",44.19341,
"TUR","CPI","TOT","AGRWTH","M","1986-01",40.95,
"TUR","CPI","TOT","AGRWTH","M","1986-02",38.81897,
"TUR","CPI","TOT","AGRWTH","M","1986-03",34.21101,
"TUR","CPI","TOT","AGRWTH","M","1986-04",33.60821,
"TUR","CPI","TOT","AGRWTH","M","1986-05",32.95454,
"TUR","CPI","TOT","AGRWTH","M","1986-06",37.17429,
"TUR","CPI","TOT","AGRWTH","M","1986-07",37.78114,
"TUR","CPI","TOT","AGRWTH","M","1986-08",35.4766,
"TUR","CPI","TOT","AGRWTH","M","1986-09",32.31304,
"TUR","CPI","TOT","AGRWTH","M","1986-10",33.65512,
"TUR","CPI","TOT","AGRWTH","M","1986-11",30.6376,
"TUR","CPI","TOT","AGRWTH","M","1986-12",30.67067,
"TUR","CPI","TOT","AGRWTH","M","1987-01",30.34409,
"TUR","CPI","TOT","AGRWTH","M","1987-02",31.57601,
"TUR","CPI","TOT","AGRWTH","M","1987-03",34.73532,
"TUR","CPI","TOT","AGRWTH","M","1987-04",37.03881,
"TUR","CPI","TOT","AGRWTH","M","1987-05",41.11986,
"TUR","CPI","TOT","AGRWTH","M","1987-06",37.6824,
"TUR","CPI","TOT","AGRWTH","M","1987-07",37.73792,
"TUR","CPI","TOT","AGRWTH","M","1987-08",38.8896,
"TUR","CPI","TOT","AGRWTH","M","1987-09",39.73365,
"TUR","CPI","TOT","AGRWTH","M","1987-10",36.42824,
"TUR","CPI","TOT","AGRWTH","M","1987-11",41.72219,
"TUR","CPI","TOT","AGRWTH","M","1987-12",55.05127,
"TUR","CPI","TOT","AGRWTH","M","1988-01",59.63423,
"TUR","CPI","TOT","AGRWTH","M","1988-02",61.24436,
"TUR","CPI","TOT","AGRWTH","M","1988-03",64.04794,
"TUR","CPI","TOT","AGRWTH","M","1988-04",70.69837,
"TUR","CPI","TOT","AGRWTH","M","1988-05",68.29852,
"TUR","CPI","TOT","AGRWTH","M","1988-06",69.98402,
"TUR","CPI","TOT","AGRWTH","M","1988-07",69.45575,
"TUR","CPI","TOT","AGRWTH","M","1988-08",70.5777,
"TUR","CPI","TOT","AGRWTH","M","1988-09",75.53543,
"TUR","CPI","TOT","AGRWTH","M","1988-10",76.84906,
"TUR","CPI","TOT","AGRWTH","M","1988-11",75.34188,
"TUR","CPI","TOT","AGRWTH","M","1988-12",61.56528,
"TUR","CPI","TOT","AGRWTH","M","1989-01",62.5,
"TUR","CPI","TOT","AGRWTH","M","1989-02",64.12743,
"TUR","CPI","TOT","AGRWTH","M","1989-03",60.23622,
"TUR","CPI","TOT","AGRWTH","M","1989-04",60.22236,
"TUR","CPI","TOT","AGRWTH","M","1989-05",59.58209,
"TUR","CPI","TOT","AGRWTH","M","1989-06",61.47929,
"TUR","CPI","TOT","AGRWTH","M","1989-07",63.77402,
"TUR","CPI","TOT","AGRWTH","M","1989-08",65.58589,
"TUR","CPI","TOT","AGRWTH","M","1989-09",65.145,
"TUR","CPI","TOT","AGRWTH","M","1989-10",66.07324,
"TUR","CPI","TOT","AGRWTH","M","1989-11",64.5099,
"TUR","CPI","TOT","AGRWTH","M","1989-12",64.27898,
"TUR","CPI","TOT","AGRWTH","M","1990-01",60.03537,
"TUR","CPI","TOT","AGRWTH","M","1990-02",59.49367,
"TUR","CPI","TOT","AGRWTH","M","1990-03",62.81736,
"TUR","CPI","TOT","AGRWTH","M","1990-04",63.45412,
"TUR","CPI","TOT","AGRWTH","M","1990-05",63.48672,
"TUR","CPI","TOT","AGRWTH","M","1990-06",62.55038,
"TUR","CPI","TOT","AGRWTH","M","1990-07",56.29445,
"TUR","CPI","TOT","AGRWTH","M","1990-08",54.82652,
"TUR","CPI","TOT","AGRWTH","M","1990-09",59.31707,
"TUR","CPI","TOT","AGRWTH","M","1990-10",60.30628,
"TUR","CPI","TOT","AGRWTH","M","1990-11",61.31494,
"TUR","CPI","TOT","AGRWTH","M","1990-12",60.41308,
"TUR","CPI","TOT","AGRWTH","M","1991-01",61.98895,
"TUR","CPI","TOT","AGRWTH","M","1991-02",63.54498,
"TUR","CPI","TOT","AGRWTH","M","1991-03",62.27364,
"TUR","CPI","TOT","AGRWTH","M","1991-04",62.14622,
"TUR","CPI","TOT","AGRWTH","M","1991-05",62.56293,
"TUR","CPI","TOT","AGRWTH","M","1991-06",64.87827,
"TUR","CPI","TOT","AGRWTH","M","1991-07",68.60069,
"TUR","CPI","TOT","AGRWTH","M","1991-08",70.95629,
"TUR","CPI","TOT","AGRWTH","M","1991-09",66.85038,
"TUR","CPI","TOT","AGRWTH","M","1991-10",66.46924,
"TUR","CPI","TOT","AGRWTH","M","1991-11",66.84862,
"TUR","CPI","TOT","AGRWTH","M","1991-12",71.13734,
"TUR","CPI","TOT","AGRWTH","M","1992-01",78.49591,
"TUR","CPI","TOT","AGRWTH","M","1992-02",77.83889,
"TUR","CPI","TOT","AGRWTH","M","1992-03",78.68878,
"TUR","CPI","TOT","AGRWTH","M","1992-04",73.99273,
"TUR","CPI","TOT","AGRWTH","M","1992-05",69.86205,
"TUR","CPI","TOT","AGRWTH","M","1992-06",65.79163,
"TUR","CPI","TOT","AGRWTH","M","1992-07",65.80297,
"TUR","CPI","TOT","AGRWTH","M","1992-08",65.54185,
"TUR","CPI","TOT","AGRWTH","M","1992-09",67.66577,
"TUR","CPI","TOT","AGRWTH","M","1992-10",69.18398,
"TUR","CPI","TOT","AGRWTH","M","1992-11",68.59324,
"TUR","CPI","TOT","AGRWTH","M","1992-12",65.96656,
"TUR","CPI","TOT","AGRWTH","M","1993-01",59.7688,
"TUR","CPI","TOT","AGRWTH","M","1993-02",58.159,
"TUR","CPI","TOT","AGRWTH","M","1993-03",58.01023,
"TUR","CPI","TOT","AGRWTH","M","1993-04",58.97007,
"TUR","CPI","TOT","AGRWTH","M","1993-05",65.02859,
"TUR","CPI","TOT","AGRWTH","M","1993-06",67.23569,
"TUR","CPI","TOT","AGRWTH","M","1993-07",73.11574,
"TUR","CPI","TOT","AGRWTH","M","1993-08",71.20345,
"TUR","CPI","TOT","AGRWTH","M","1993-09",68.24516,
"TUR","CPI","TOT","AGRWTH","M","1993-10",67.20033,
"TUR","CPI","TOT","AGRWTH","M","1993-11",69.61837,
"TUR","CPI","TOT","AGRWTH","M","1993-12",71.076,
"TUR","CPI","TOT","AGRWTH","M","1994-01",69.64659,
"TUR","CPI","TOT","AGRWTH","M","1994-02",73.78278,
"TUR","CPI","TOT","AGRWTH","M","1994-03",75.53236,
"TUR","CPI","TOT","AGRWTH","M","1994-04",107.4784,
"TUR","CPI","TOT","AGRWTH","M","1994-05",114.4669,
"TUR","CPI","TOT","AGRWTH","M","1994-06",114.7278,
"TUR","CPI","TOT","AGRWTH","M","1994-07",111.1438,
"TUR","CPI","TOT","AGRWTH","M","1994-08",111.493,
"TUR","CPI","TOT","AGRWTH","M","1994-09",112.6928,
"TUR","CPI","TOT","AGRWTH","M","1994-10",113.4355,
"TUR","CPI","TOT","AGRWTH","M","1994-11",113.3558,
"TUR","CPI","TOT","AGRWTH","M","1994-12",120.311,
"TUR","CPI","TOT","AGRWTH","M","1995-01",125.8915,
"TUR","CPI","TOT","AGRWTH","M","1995-02",122.4163,
"TUR","CPI","TOT","AGRWTH","M","1995-03",119.6699,
"TUR","CPI","TOT","AGRWTH","M","1995-04",88.4058,
"TUR","CPI","TOT","AGRWTH","M","1995-05",79.81462,
"TUR","CPI","TOT","AGRWTH","M","1995-06",80.90909,
"TUR","CPI","TOT","AGRWTH","M","1995-07",80.80313,
"TUR","CPI","TOT","AGRWTH","M","1995-08",83.42857,
"TUR","CPI","TOT","AGRWTH","M","1995-09",86.00897,
"TUR","CPI","TOT","AGRWTH","M","1995-10",84.36455,
"TUR","CPI","TOT","AGRWTH","M","1995-11",81.52515,
"TUR","CPI","TOT","AGRWTH","M","1995-12",76.04703,
"TUR","CPI","TOT","AGRWTH","M","1996-01",78.1057,
"TUR","CPI","TOT","AGRWTH","M","1996-02",77.48691,
"TUR","CPI","TOT","AGRWTH","M","1996-03",79.33626,
"TUR","CPI","TOT","AGRWTH","M","1996-04",80.8284,
"TUR","CPI","TOT","AGRWTH","M","1996-05",82.93242,
"TUR","CPI","TOT","AGRWTH","M","1996-06",82.85874,
"TUR","CPI","TOT","AGRWTH","M","1996-07",81.2026,
"TUR","CPI","TOT","AGRWTH","M","1996-08",82.65836,
"TUR","CPI","TOT","AGRWTH","M","1996-09",79.31533,
"TUR","CPI","TOT","AGRWTH","M","1996-10",79.59184,
"TUR","CPI","TOT","AGRWTH","M","1996-11",80.38112,
"TUR","CPI","TOT","AGRWTH","M","1996-12",79.75793,
"TUR","CPI","TOT","AGRWTH","M","1997-01",75.72254,
"TUR","CPI","TOT","AGRWTH","M","1997-02",77.65487,
"TUR","CPI","TOT","AGRWTH","M","1997-03",77.30447,
"TUR","CPI","TOT","AGRWTH","M","1997-04",77.15968,
"TUR","CPI","TOT","AGRWTH","M","1997-05",77.45773,
"TUR","CPI","TOT","AGRWTH","M","1997-06",78.0458,
"TUR","CPI","TOT","AGRWTH","M","1997-07",85.23169,
"TUR","CPI","TOT","AGRWTH","M","1997-08",87.03809,
"TUR","CPI","TOT","AGRWTH","M","1997-09",89.86287,
"TUR","CPI","TOT","AGRWTH","M","1997-10",93.15656,
"TUR","CPI","TOT","AGRWTH","M","1997-11",95.82233,
"TUR","CPI","TOT","AGRWTH","M","1997-12",99.0945,
"TUR","CPI","TOT","AGRWTH","M","1998-01",101.6228,
"TUR","CPI","TOT","AGRWTH","M","1998-02",99.2528,
"TUR","CPI","TOT","AGRWTH","M","1998-03",97.18393,
"TUR","CPI","TOT","AGRWTH","M","1998-04",93.57222,
"TUR","CPI","TOT","AGRWTH","M","1998-05",91.37262,
"TUR","CPI","TOT","AGRWTH","M","1998-06",90.55051,
"TUR","CPI","TOT","AGRWTH","M","1998-07",85.34538,
"TUR","CPI","TOT","AGRWTH","M","1998-08",81.42857,
"TUR","CPI","TOT","AGRWTH","M","1998-09",80.4277,
"TUR","CPI","TOT","AGRWTH","M","1998-10",76.63747,
"TUR","CPI","TOT","AGRWTH","M","1998-11",72.76852,
"TUR","CPI","TOT","AGRWTH","M","1998-12",69.72594,
"TUR","CPI","TOT","AGRWTH","M","1999-01",65.90167,
"TUR","CPI","TOT","AGRWTH","M","1999-02",63.92708,
"TUR","CPI","TOT","AGRWTH","M","1999-03",63.5374,
"TUR","CPI","TOT","AGRWTH","M","1999-04",63.85496,
"TUR","CPI","TOT","AGRWTH","M","1999-05",62.96672,
"TUR","CPI","TOT","AGRWTH","M","1999-06",64.26965,
"TUR","CPI","TOT","AGRWTH","M","1999-07",65.00349,
"TUR","CPI","TOT","AGRWTH","M","1999-08",65.40459,
"TUR","CPI","TOT","AGRWTH","M","1999-09",64.27001,
"TUR","CPI","TOT","AGRWTH","M","1999-10",64.69543,
"TUR","CPI","TOT","AGRWTH","M","1999-11",64.55184,
"TUR","CPI","TOT","AGRWTH","M","1999-12",68.79208,
"TUR","CPI","TOT","AGRWTH","M","2000-01",68.87825,
"TUR","CPI","TOT","AGRWTH","M","2000-02",69.74646,
"TUR","CPI","TOT","AGRWTH","M","2000-03",67.89619,
"TUR","CPI","TOT","AGRWTH","M","2000-04",63.82483,
"TUR","CPI","TOT","AGRWTH","M","2000-05",62.67466,
"TUR","CPI","TOT","AGRWTH","M","2000-06",58.61823,
"TUR","CPI","TOT","AGRWTH","M","2000-07",56.21405,
"TUR","CPI","TOT","AGRWTH","M","2000-08",53.1652,
"TUR","CPI","TOT","AGRWTH","M","2000-09",48.95833,
"TUR","CPI","TOT","AGRWTH","M","2000-10",44.43645,
"TUR","CPI","TOT","AGRWTH","M","2000-11",43.75728,
"TUR","CPI","TOT","AGRWTH","M","2000-12",39.03362,
"TUR","CPI","TOT","AGRWTH","M","2001-01",35.91754,
"TUR","CPI","TOT","AGRWTH","M","2001-02",33.42193,
"TUR","CPI","TOT","AGRWTH","M","2001-03",37.50773,
"TUR","CPI","TOT","AGRWTH","M","2001-04",48.27243,
"TUR","CPI","TOT","AGRWTH","M","2001-05",52.38559,
"TUR","CPI","TOT","AGRWTH","M","2001-06",56.10169,
"TUR","CPI","TOT","AGRWTH","M","2001-07",56.32918,
"TUR","CPI","TOT","AGRWTH","M","2001-08",57.50232,
"TUR","CPI","TOT","AGRWTH","M","2001-09",61.8015,
"TUR","CPI","TOT","AGRWTH","M","2001-10",66.46857,
"TUR","CPI","TOT","AGRWTH","M","2001-11",67.29367,
"TUR","CPI","TOT","AGRWTH","M","2001-12",68.53169,
"TUR","CPI","TOT","AGRWTH","M","2002-01",73.15701,
"TUR","CPI","TOT","AGRWTH","M","2002-02",73.07876,
"TUR","CPI","TOT","AGRWTH","M","2002-03",65.11308,
"TUR","CPI","TOT","AGRWTH","M","2002-04",52.72344,
"TUR","CPI","TOT","AGRWTH","M","2002-05",46.21862,
"TUR","CPI","TOT","AGRWTH","M","2002-06",42.60394,
"TUR","CPI","TOT","AGRWTH","M","2002-07",41.27715,
"TUR","CPI","TOT","AGRWTH","M","2002-08",40.24142,
"TUR","CPI","TOT","AGRWTH","M","2002-09",37.04798,
"TUR","CPI","TOT","AGRWTH","M","2002-10",33.44859,
"TUR","CPI","TOT","AGRWTH","M","2002-11",31.76601,
"TUR","CPI","TOT","AGRWTH","M","2002-12",29.74879,
"TUR","CPI","TOT","AGRWTH","M","2003-01",26.38394,
"TUR","CPI","TOT","AGRWTH","M","2003-02",26.11956,
"TUR","CPI","TOT","AGRWTH","M","2003-03",27.08445,
"TUR","CPI","TOT","AGRWTH","M","2003-04",25.756,
"TUR","CPI","TOT","AGRWTH","M","2003-05",26.23048,
"TUR","CPI","TOT","AGRWTH","M","2003-06",25.59829,
"TUR","CPI","TOT","AGRWTH","M","2003-07",23.57856,
"TUR","CPI","TOT","AGRWTH","M","2003-08",21.13059,
"TUR","CPI","TOT","AGRWTH","M","2003-09",18.6389,
"TUR","CPI","TOT","AGRWTH","M","2003-10",15.92807,
"TUR","CPI","TOT","AGRWTH","M","2003-11",14.07836,
"TUR","CPI","TOT","AGRWTH","M","2003-12",12.70951,
"TUR","CPI","TOT","AGRWTH","M","2004-01",10.59407,
"TUR","CPI","TOT","AGRWTH","M","2004-02",9.477294,
"TUR","CPI","TOT","AGRWTH","M","2004-03",8.397881,
"TUR","CPI","TOT","AGRWTH","M","2004-04",7.871632,
"TUR","CPI","TOT","AGRWTH","M","2004-05",7.307077,
"TUR","CPI","TOT","AGRWTH","M","2004-06",7.081502,
"TUR","CPI","TOT","AGRWTH","M","2004-07",7.795457,
"TUR","CPI","TOT","AGRWTH","M","2004-08",8.442402,
"TUR","CPI","TOT","AGRWTH","M","2004-09",8.01459,
"TUR","CPI","TOT","AGRWTH","M","2004-10",9.425669,
"TUR","CPI","TOT","AGRWTH","M","2004-11",9.471451,
"TUR","CPI","TOT","AGRWTH","M","2004-12",9.35459,
"TUR","CPI","TOT","AGRWTH","M","2005-01",9.23576,
"TUR","CPI","TOT","AGRWTH","M","2005-02",8.694827,
"TUR","CPI","TOT","AGRWTH","M","2005-03",7.944716,
"TUR","CPI","TOT","AGRWTH","M","2005-04",8.17663,
"TUR","CPI","TOT","AGRWTH","M","2005-05",8.700512,
"TUR","CPI","TOT","AGRWTH","M","2005-06",8.954389,
"TUR","CPI","TOT","AGRWTH","M","2005-07",7.816561,
"TUR","CPI","TOT","AGRWTH","M","2005-08",7.914133,
"TUR","CPI","TOT","AGRWTH","M","2005-09",7.994889,
"TUR","CPI","TOT","AGRWTH","M","2005-10",7.515844,
"TUR","CPI","TOT","AGRWTH","M","2005-11",7.612335,
"TUR","CPI","TOT","AGRWTH","M","2005-12",7.720007,
"TUR","CPI","TOT","AGRWTH","M","2006-01",7.930824,
"TUR","CPI","TOT","AGRWTH","M","2006-02",8.14776,
"TUR","CPI","TOT","AGRWTH","M","2006-03",8.16131,
"TUR","CPI","TOT","AGRWTH","M","2006-04",8.829888,
"TUR","CPI","TOT","AGRWTH","M","2006-05",9.863742,
"TUR","CPI","TOT","AGRWTH","M","2006-06",10.119,
"TUR","CPI","TOT","AGRWTH","M","2006-07",11.69278,
"TUR","CPI","TOT","AGRWTH","M","2006-08",10.2621,
"TUR","CPI","TOT","AGRWTH","M","2006-09",10.54678,
"TUR","CPI","TOT","AGRWTH","M","2006-10",9.979244,
"TUR","CPI","TOT","AGRWTH","M","2006-11",9.85754,
"TUR","CPI","TOT","AGRWTH","M","2006-12",9.653485,
"TUR","CPI","TOT","AGRWTH","M","2007-01",9.929595,
"TUR","CPI","TOT","AGRWTH","M","2007-02",10.15827,
"TUR","CPI","TOT","AGRWTH","M","2007-03",10.86326,
"TUR","CPI","TOT","AGRWTH","M","2007-04",10.71996,
"TUR","CPI","TOT","AGRWTH","M","2007-05",9.227769,
"TUR","CPI","TOT","AGRWTH","M","2007-06",8.598305,
"TUR","CPI","TOT","AGRWTH","M","2007-07",6.899476,
"TUR","CPI","TOT","AGRWTH","M","2007-08",7.394503,
"TUR","CPI","TOT","AGRWTH","M","2007-09",7.124837,
"TUR","CPI","TOT","AGRWTH","M","2007-10",7.699857,
"TUR","CPI","TOT","AGRWTH","M","2007-11",8.399165,
"TUR","CPI","TOT","AGRWTH","M","2007-12",8.38724,
"TUR","CPI","TOT","AGRWTH","M","2008-01",8.171378,
"TUR","CPI","TOT","AGRWTH","M","2008-02",9.104237,
"TUR","CPI","TOT","AGRWTH","M","2008-03",9.152321,
"TUR","CPI","TOT","AGRWTH","M","2008-04",9.660519,
"TUR","CPI","TOT","AGRWTH","M","2008-05",10.74056,
"TUR","CPI","TOT","AGRWTH","M","2008-06",10.60921,
"TUR","CPI","TOT","AGRWTH","M","2008-07",12.06461,
"TUR","CPI","TOT","AGRWTH","M","2008-08",11.7664,
"TUR","CPI","TOT","AGRWTH","M","2008-09",11.12538,
"TUR","CPI","TOT","AGRWTH","M","2008-10",11.9857,
"TUR","CPI","TOT","AGRWTH","M","2008-11",10.75971,
"TUR","CPI","TOT","AGRWTH","M","2008-12",10.0638,
"TUR","CPI","TOT","AGRWTH","M","2009-01",9.500477,
"TUR","CPI","TOT","AGRWTH","M","2009-02",7.733136,
"TUR","CPI","TOT","AGRWTH","M","2009-03",7.885806,
"TUR","CPI","TOT","AGRWTH","M","2009-04",6.126055,
"TUR","CPI","TOT","AGRWTH","M","2009-05",5.236345,
"TUR","CPI","TOT","AGRWTH","M","2009-06",5.734257,
"TUR","CPI","TOT","AGRWTH","M","2009-07",5.392535,
"TUR","CPI","TOT","AGRWTH","M","2009-08",5.334795,
"TUR","CPI","TOT","AGRWTH","M","2009-09",5.272284,
"TUR","CPI","TOT","AGRWTH","M","2009-10",5.076047,
"TUR","CPI","TOT","AGRWTH","M","2009-11",5.530726,
"TUR","CPI","TOT","AGRWTH","M","2009-12",6.525804,
"TUR","CPI","TOT","AGRWTH","M","2010-01",8.185208,
"TUR","CPI","TOT","AGRWTH","M","2010-02",10.12785,
"TUR","CPI","TOT","AGRWTH","M","2010-03",9.560819,
"TUR","CPI","TOT","AGRWTH","M","2010-04",10.19426,
"TUR","CPI","TOT","AGRWTH","M","2010-05",9.099822,
"TUR","CPI","TOT","AGRWTH","M","2010-06",8.367509,
"TUR","CPI","TOT","AGRWTH","M","2010-07",7.577238,
"TUR","CPI","TOT","AGRWTH","M","2010-08",8.334865,
"TUR","CPI","TOT","AGRWTH","M","2010-09",9.235649,
"TUR","CPI","TOT","AGRWTH","M","2010-10",8.619252,
"TUR","CPI","TOT","AGRWTH","M","2010-11",7.287807,
"TUR","CPI","TOT","AGRWTH","M","2010-12",6.40103,
"TUR","CPI","TOT","AGRWTH","M","2011-01",4.900328,
"TUR","CPI","TOT","AGRWTH","M","2011-02",4.156521,
"TUR","CPI","TOT","AGRWTH","M","2011-03",3.986037,
"TUR","CPI","TOT","AGRWTH","M","2011-04",4.264607,
"TUR","CPI","TOT","AGRWTH","M","2011-05",7.172545,
"TUR","CPI","TOT","AGRWTH","M","2011-06",6.235879,
"TUR","CPI","TOT","AGRWTH","M","2011-07",6.311368,
"TUR","CPI","TOT","AGRWTH","M","2011-08",6.653477,
"TUR","CPI","TOT","AGRWTH","M","2011-09",6.154018,
"TUR","CPI","TOT","AGRWTH","M","2011-10",7.655607,
"TUR","CPI","TOT","AGRWTH","M","2011-11",9.484649,
"TUR","CPI","TOT","AGRWTH","M","2011-12",10.44817,
"TUR","CPI","TOT","AGRWTH","M","2012-01",10.61336,
"TUR","CPI","TOT","AGRWTH","M","2012-02",10.43332,
"TUR","CPI","TOT","AGRWTH","M","2012-03",10.42772,
"TUR","CPI","TOT","AGRWTH","M","2012-04",11.13795,
"TUR","CPI","TOT","AGRWTH","M","2012-05",8.280488,
"TUR","CPI","TOT","AGRWTH","M","2012-06",8.868567,
"TUR","CPI","TOT","AGRWTH","M","2012-07",9.065187,
"TUR","CPI","TOT","AGRWTH","M","2012-08",8.883235,
"TUR","CPI","TOT","AGRWTH","M","2012-09",9.185122,
"TUR","CPI","TOT","AGRWTH","M","2012-10",7.79889,
"TUR","CPI","TOT","AGRWTH","M","2012-11",6.369555,
"TUR","CPI","TOT","AGRWTH","M","2012-12",6.163804,
"TUR","CPI","TOT","AGRWTH","M","2013-01",7.307654,
"TUR","CPI","TOT","AGRWTH","M","2013-02",7.025403,
"TUR","CPI","TOT","AGRWTH","M","2013-03",7.290645,
"TUR","CPI","TOT","AGRWTH","M","2013-04",6.133784,
"TUR","CPI","TOT","AGRWTH","M","2013-05",6.514689,
"TUR","CPI","TOT","AGRWTH","M","2013-06",8.297519,
"TUR","CPI","TOT","AGRWTH","M","2013-07",8.884429,
"TUR","CPI","TOT","AGRWTH","M","2013-08",8.168233,
"TUR","CPI","TOT","AGRWTH","M","2013-09",7.882438,
"TUR","CPI","TOT","AGRWTH","M","2013-10",7.711936,
"TUR","CPI","TOT","AGRWTH","M","2013-11",7.315695,
"TUR","CPI","TOT","AGRWTH","M","2013-12",7.40046,
"TUR","CPI","TOT","AGRWTH","M","2014-01",7.751223,
"TUR","CPI","TOT","AGRWTH","M","2014-02",7.889047,
"TUR","CPI","TOT","AGRWTH","M","2014-03",8.385505,
"TUR","CPI","TOT","AGRWTH","M","2014-04",9.38339,
"TUR","CPI","TOT","AGRWTH","M","2014-05",9.656018,
"TUR","CPI","TOT","AGRWTH","M","2014-06",9.163472,
"TUR","CPI","TOT","AGRWTH","M","2014-07",9.319367,
"TUR","CPI","TOT","AGRWTH","M","2014-08",9.536024,
"TUR","CPI","TOT","AGRWTH","M","2014-09",8.856236,
"TUR","CPI","TOT","AGRWTH","M","2014-10",8.962885,
"TUR","CPI","TOT","AGRWTH","M","2014-11",9.150728,
"TUR","CPI","TOT","AGRWTH","M","2014-12",8.169949,
"TUR","CPI","TOT","AGRWTH","M","2015-01",7.24073,
"TUR","CPI","TOT","AGRWTH","M","2015-02",7.546687,
"TUR","CPI","TOT","AGRWTH","M","2015-03",7.610254,
"TUR","CPI","TOT","AGRWTH","M","2015-04",7.912801,
"TUR","CPI","TOT","AGRWTH","M","2015-05",8.092989,
"TUR","CPI","TOT","AGRWTH","M","2015-06",7.204527,
"TUR","CPI","TOT","AGRWTH","M","2015-07",6.814163,
"TUR","CPI","TOT","AGRWTH","M","2015-08",7.14051,
"TUR","CPI","TOT","AGRWTH","M","2015-09",7.946993,
"TUR","CPI","TOT","AGRWTH","M","2015-10",7.581431,
"TUR","CPI","TOT","AGRWTH","M","2015-11",8.102242,
"TUR","CPI","TOT","AGRWTH","M","2015-12",8.808332,
"TUR","CPI","TOT","AGRWTH","M","2016-01",9.578758,
"TUR","CPI","TOT","AGRWTH","M","2016-02",8.777355,
"TUR","CPI","TOT","AGRWTH","M","2016-03",7.459938,
"TUR","CPI","TOT","AGRWTH","M","2016-04",6.565403,
"TUR","CPI","TOT","AGRWTH","M","2016-05",6.582327,
"TUR","CPI","TOT","AGRWTH","M","2016-06",7.637471,
"TUR","CPI","TOT","AGRWTH","M","2016-07",8.793408,
"TUR","CPI","TOT","AGRWTH","M","2016-08",8.045095,
"TUR","CPI","TOT","AGRWTH","M","2016-09",7.282125,
"TUR","CPI","TOT","AGRWTH","M","2016-10",7.159431,
"TUR","CPI","TOT","AGRWTH","M","2016-11",7.000521,
"TUR","CPI","TOT","AGRWTH","M","2016-12",8.533056,
"TUR","CPI","TOT","AGRWTH","M","2017-01",9.218773,
"TUR","CPI","TOT","AGRWTH","M","2017-02",10.12829,
"TUR","CPI","TOT","AGRWTH","M","2017-03",11.29179,
"TUR","CPI","TOT","AGRWTH","M","2017-04",11.86962,
"TUR","CPI","TOT","AGRWTH","M","2017-05",11.72218,
"TUR","CPI","TOT","AGRWTH","M","2017-06",10.90108,
"TUR","CPI","TOT","AGRWTH","M","2017-07",9.788379,
"TUR","CPI","TOT","AGRWTH","M","2017-08",10.6793,
"TUR","CPI","TOT","AGRWTH","M","2017-09",11.1985,
"TUR","CPI","TOT","AGRWTH","M","2017-10",11.89886,
"TUR","CPI","TOT","AGRWTH","M","2017-11",12.98426,
"TUR","CPI","TOT","AGRWTH","M","2017-12",11.91974,
"TUR","CPI","TOT","AGRWTH","M","2018-01",10.34563,
"TUR","CPI","TOT","AGRWTH","M","2018-02",10.25913,
"TUR","CPI","TOT","AGRWTH","M","2018-03",10.23457,
"TUR","CPI","TOT","AGRWTH","M","2018-04",10.84953,
"TUR","CPI","TOT","AGRWTH","M","2018-05",12.14707,
"TUR","CPI","TOT","AGRWTH","M","2018-06",15.38511,
"TUR","CPI","TOT","AGRWTH","M","2018-07",15.84902,
"TUR","CPI","TOT","AGRWTH","M","2018-08",17.89643,
"TUR","CPI","TOT","AGRWTH","M","2018-09",24.51892,
"TUR","CPI","TOT","AGRWTH","M","2018-10",25.24032,
"TUR","CPI","TOT","AGRWTH","M","2018-11",21.6188,
"TUR","CPI","TOT","AGRWTH","M","2018-12",20.30176,
"TUR","CPI","TOT","AGRWTH","M","2019-01",20.35374,
"TUR","CPI","TOT","AGRWTH","M","2019-02",19.67164,
"TUR","CPI","TOT","AGRWTH","M","2019-03",19.71291,
"TUR","CPI","TOT","AGRWTH","M","2019-04",19.5023,
"TUR","CPI","TOT","AGRWTH","M","2019-05",18.7116,
"TUR","CPI","TOT","AGRWTH","M","2019-06",15.72012,
"TUR","CPI","TOT","AGRWTH","M","2019-07",16.64673,
"TUR","CPI","TOT","AGRWTH","M","2019-08",15.00843,
"TUR","CPI","TOT","AGRWTH","M","2019-09",9.262102,
"TUR","CPI","TOT","AGRWTH","M","2019-10",8.552845,
"TUR","CPI","TOT","AGRWTH","M","2019-11",10.56185,
"TUR","CPI","TOT","AGRWTH","M","2019-12",11.83609,
"TUR","CPI","TOT","AGRWTH","M","2020-01",12.15364,
"TUR","CPI","TOT","AGRWTH","M","2020-02",12.36738,
"TUR","CPI","TOT","AGRWTH","M","2020-03",11.85919,
"TUR","CPI","TOT","AGRWTH","M","2020-04",10.9367,
"TUR","CPI","TOT","AGRWTH","M","2020-05",11.39002,
"TUR","CPI","TOT","AGRWTH","M","2020-06",12.62239,
"TUR","CPI","TOT","AGRWTH","M","2020-07",11.76414,
"TUR","CPI","TOT","AGRWTH","M","2020-08",11.77041,
"TUR","CPI","TOT","AGRWTH","M","2020-09",11.74831,
"TUR","CPI","TOT","AGRWTH","M","2020-10",11.88962,
"TUR","CPI","TOT","AGRWTH","M","2020-11",14.0263,
"TUR","CPI","TOT","AGRWTH","M","2020-12",14.59932,
"TUR","CPI","TOT","AGRWTH","M","2021-01",14.97368,
"TUR","CPI","TOT","AGRWTH","M","2021-02",15.61091,
"TUR","CPI","TOT","AGRWTH","M","2021-03",16.19024,
"TUR","CPI","TOT","AGRWTH","M","2021-04",17.14015,
"TUR","CPI","TOT","AGRWTH","M","2021-05",16.59285,
"TUR","CPI","TOT","AGRWTH","M","2021-06",17.52533,
"TUR","CPI","TOT","AGRWTH","M","2021-07",18.95168,
"TUR","CPI","TOT","AGRWTH","M","2021-08",19.25266,
"TUR","CPI","TOT","AGRWTH","M","2021-09",19.58257,
"TUR","CPI","TOT","AGRWTH","M","2021-10",19.89002,
"TUR","CPI","TOT","AGRWTH","M","2021-11",21.31253,
"TUR","CPI","TOT","AGRWTH","M","2021-12",36.0809,
"TUR","CPI","TOT","AGRWTH","M","2022-01",48.69082,
"TUR","CPI","TOT","AGRWTH","M","2022-02",54.43857,
"TUR","CPI","TOT","AGRWTH","M","2022-03",61.14454,
"TUR","CPI","TOT","AGRWTH","M","2022-04",69.97107,
"TUR","CPI","TOT","AGRWTH","M","2022-05",73.49595,
"TUR","CPI","TOT","AGRWTH","M","2022-06",78.6184,
"TUR","CPI","TOT","AGRWTH","M","2022-07",79.60205,
"TUR","CPI","TOT","AGRWTH","M","2022-08",80.2076,
"TUR","CPI","TOT","AGRWTH","M","2022-09",83.45249,
